list_of_given_concepts,concepts_suggested_by_llm,closest_class,cosine_similarity,class_classification_similarity_based,llm_auto_classification,ll_auto_eval_score
"saving, transaction","Here are the most similar concepts that can appear in a project along with the given concepts ""saving"" and ""transaction"":

[accounting, budgeting, finance, fund, investment, payment, record, revenue, spending, wallet]

These concepts are all related to managing and tracking financial activities, which is closely tied to the concepts of saving and transaction.",CurrentTransaction,0.56732094,implementation,Domain,90
"saving, transaction and saving, account","[account, budget, finance, investment, money, payment, record, reserve, withdrawal]",SavingsAccount,0.6830701,domain,domain,80
"saving, transaction and saving, account","[deposit, withdrawal, fund, finance, money, budget, ledger, record, cash, balance]

These concepts are related to the original concepts of ""saving"", ""transaction"", and ""account"" as they all pertain to financial management and tracking of money.",CurrentAccount,0.52155674,implementation,Domain,90
"saving, transaction and saving, account","[Bank, finance, investment, money, fund, deposit, withdrawal, ledger, balance, portfolio]",TransactionServiceImpl,0.575673,implementation,implementation,80
"saving, transaction and saving, account","Based on the concepts of ""saving"", ""transaction"", and ""account"", here are some similar concepts that can appear in a project:

[fund, deposit, withdrawal, ledger, finance, budget, cashflow, investment, money, payment]

These concepts are all related to managing and tracking financial information, which aligns with the themes of saving, transaction, and account.",Application,0.51363015,implementation,Domain,80
"saving, transaction and saving, account","[bank, finance, money, wallet, funds, deposit, withdrawal, ledger, record, budget]",AccountServiceImpl,0.5931055,implementation,domain,80
"saving, transaction and saving, account","[bank, finance, money, investment, fund, deposit, withdrawal, ledger, record, cash]",AccountController,0.5236835,implementation,Domain,80
"saving, transaction and saving, account","[deposit, withdrawal, balance, credit, debit, ledger, finance, budget, fund, money]",TransferController,0.51739275,implementation,Domain,80
"saving, transaction and saving, account","[bank, deposit, withdrawal, fund, finance, money, wallet, ledger, cash, budget]

These concepts are related to saving, transaction, and account as they all deal with managing and tracking financial resources.",Recipient,0.46391678,implementation,Domain,80
"saving, transaction and saving, account","[banking, finance, money, fund, deposit, withdrawal, payment, investment, wallet, ledger]",User,0.51838756,implementation,Domain,90
"saving, transaction and saving, account","Here are the most similar concepts that can appear in a project along with the given concepts:

[banking, deposit, finance, withdrawal, budget, money, fund, investment, payment, cash]

These concepts are related to the given concepts of ""saving, transaction, and saving, account"" as they all pertain to managing and handling money.",Role,0.459225,implementation,Domain,80
"saving, transaction and saving, account","[deposit, payment, transfer, withdrawal, fund, balance, record, ledger, finance, money]",Authority,0.4972979,implementation,Domain,80
"saving, transaction and saving, account","[bank, finance, money, payment, fund, deposit, withdrawal, ledger, balance, wallet]

These concepts are related to saving, transaction, and account as they are all part of the financial management process.",AdminServiceImpl,0.41398132,implementation,implementation,80
"saving, transaction and saving, account","Based on the concepts'saving, transaction and saving, account', I've generated the following similar concepts that can appear in a project:

[banking, finance, investment, wallet, funds, deposit, withdrawal, ledger, budget, money]

These concepts are related to financial transactions, management, and tracking, which are closely tied to the original concepts of'saving, transaction and saving, account'.",ApplicationTests,0.45343244,implementation,domain,80
"saving, transaction and saving, account","[bank, financial, fund, deposit, investment, ledger, money, payment, record, wallet]",AuthorityTest,0.45407343,implementation,domain,80
"saving, transaction and saving, account","[bank, finance, money, deposit, withdrawal, interest, ledger, record, management, balance]

These concepts are related to saving, transaction, and account as they are all related to financial activities, management, and tracking.",UserServiceImpl,0.3802922,implementation,domain,80
"saving, transaction and saving, account","[banking, finance, budgeting, fund, investment, deposit, withdrawal, money, payment, ledger]

Note: These concepts are related to saving, transaction, and account as they are all relevant to personal or business financial management.",HomeController,0.37745568,implementation,implementation,80
"saving, transaction and saving, account","[deposit, withdrawal, payment, fund, money, ledger, finance, banking, record, budget]",RequestFilter,0.4523403,implementation,implementation,80
"saving, transaction and saving, account","Here are the most similar concepts that can appear in a project:

[budget, finance, deposit, withdrawal, money, payment, fund, investment, wallet]

These concepts are related to saving, transaction, and account as they all deal with financial management and handling of money.",SecurityConfig,0.3692063,implementation,domain,80
"saving, transaction and saving, account","[banking, finance, money, fund, investment, deposit, withdrawal, ledger, record, balance]",UserRole,0.39752412,implementation,Domain,80
"saving, transaction and saving, account","[banking, financial, deposit, withdrawal, money, fund, ledger, payment, cash]",UserController,0.39993247,implementation,Domain,90
"saving, transaction and saving, account","Here are 10 concepts that are similar to ""saving, transaction, and saving, account"":

[banking, finance, budget, money, investment, deposit, withdrawal, ledger, fund, cash]

These concepts are all related to managing and tracking financial activities, which is similar to the themes of saving, transaction, and account.",AdminController,0.33531183,implementation,implementation,90
"saving, transaction and saving, account","[banking, financial, money, fund, deposit, withdrawal, record, ledger, portfolio, budget]

These concepts are related to saving, transaction, and account as they all pertain to managing and tracking financial resources.",UserSecurityServiceImpl,0.33257246,implementation,domain,80
"saving, transaction and saving, account","Based on the concepts ""saving, transaction and saving, account"", I've generated the following similar concepts that can appear in a project:

[banking, finance, money, payment, deposit, withdrawal, balance, ledger, fund]

These concepts are related to the original concepts in terms of dealing with financial transactions, accounts, and management of funds.",MavenWrapperDownloader,0.2952473,implementation,Implementation,90
